id,reason_for_absence,month_of_absence,day_of_the_week,seasons,transportation_expense,distance_from_residence_to_work,service_time,age,work_load_average_day,hit_target,disciplinary_failure,education,son,social_drinker,social_smoker,pet,weight,height,body_mass_index,absenteeism_time_in_hours,absenteeism_risk,predicted_absenteeism_hours,predicted_absenteeism_risk,employee_cluster
11,26,7,3,1,289,36,13,33,239.554,97,0,1,2,1,0,1,90,172,30,4,low,4.87,low,0
36,0,7,3,1,118,13,18,50,239.554,97,1,1,1,1,0,0,98,178,31,0,low,3.6,low,1
3,23,7,4,1,179,51,18,38,239.554,97,0,1,0,1,0,0,89,170,31,2,low,3.4273333333333333,low,1
7,7,7,5,1,279,5,14,39,239.554,97,0,1,2,1,1,0,68,168,24,4,low,5.88,low,0
11,23,7,5,1,289,36,13,33,239.554,97,0,1,2,1,0,1,90,172,30,2,low,3.27,low,0
3,23,7,6,1,179,51,18,38,239.554,97,0,1,0,1,0,0,89,170,31,2,low,2.3,low,1
10,22,7,6,1,361,52,3,28,239.554,97,0,1,1,1,0,4,80,172,27,8,low,7.9,low,2
20,23,7,6,1,260,50,11,36,239.554,97,0,1,4,1,0,0,65,168,23,4,low,4.133333333333334,low,0
14,19,7,2,1,155,12,14,34,239.554,97,0,1,2,1,0,0,95,196,25,40,high,42.43,high,1
1,22,7,2,1,235,11,14,37,239.554,97,0,3,1,0,0,1,88,172,29,8,low,7.94,low,0
20,1,7,2,1,260,50,11,36,239.554,97,0,1,4,1,0,0,65,168,23,8,low,10.41,low,0
20,1,7,3,1,260,50,11,36,239.554,97,0,1,4,1,0,0,65,168,23,8,low,8.92,low,0
20,11,7,4,1,260,50,11,36,239.554,97,0,1,4,1,0,0,65,168,23,8,low,8.63,low,0
3,11,7,4,1,179,51,18,38,239.554,97,0,1,0,1,0,0,89,170,31,1,low,2.65,low,1
3,23,7,4,1,179,51,18,38,239.554,97,0,1,0,1,0,0,89,170,31,4,low,3.4273333333333333,low,1
24,14,7,6,1,246,25,16,41,239.554,97,0,1,0,1,0,0,67,170,23,8,low,9.3,low,0
3,23,7,6,1,179,51,18,38,239.554,97,0,1,0,1,0,0,89,170,31,2,low,2.3,low,1
3,21,7,2,1,179,51,18,38,239.554,97,0,1,0,1,0,0,89,170,31,8,low,7.11,low,1
6,11,7,5,1,189,29,13,33,239.554,97,0,1,2,0,0,2,69,167,25,8,low,8.83,low,1
33,23,8,4,1,248,25,14,47,205.917,92,0,1,2,0,0,1,86,165,32,2,low,2.235,low,0
18,10,8,4,1,330,16,4,28,205.917,92,0,2,0,0,0,0,84,182,25,8,low,11.68,low,2
3,11,8,2,1,179,51,18,38,205.917,92,0,1,0,1,0,0,89,170,31,1,low,4.14,low,1
10,13,8,2,1,361,52,3,28,205.917,92,0,1,1,1,0,4,80,172,27,40,high,31.05,high,2
20,28,8,6,1,260,50,11,36,205.917,92,0,1,4,1,0,0,65,168,23,4,low,4.154999999999999,low,0
11,18,8,2,1,289,36,13,33,205.917,92,0,1,2,1,0,1,90,172,30,8,low,18.1,low,0
10,25,8,2,1,361,52,3,28,205.917,92,0,1,1,1,0,4,80,172,27,7,low,6.17,low,2
11,23,8,3,1,289,36,13,33,205.917,92,0,1,2,1,0,1,90,172,30,1,low,3.01,low,0
30,28,8,4,1,157,27,6,29,205.917,92,0,1,0,1,1,0,75,185,22,4,low,4.083333333333334,low,1
11,18,8,4,1,289,36,13,33,205.917,92,0,1,2,1,0,1,90,172,30,8,low,17.88,low,0
3,23,8,6,1,179,51,18,38,205.917,92,0,1,0,1,0,0,89,170,31,2,low,2.185,low,1
3,18,8,2,1,179,51,18,38,205.917,92,0,1,0,1,0,0,89,170,31,8,low,6.53,low,1
2,18,8,5,1,235,29,12,48,205.917,92,0,1,1,0,1,5,88,163,33,8,low,28.62,low,0
1,23,8,5,1,235,11,14,37,205.917,92,0,3,1,0,0,1,88,172,29,4,low,4.01,low,0
2,18,8,2,1,235,29,12,48,205.917,92,0,1,1,0,1,5,88,163,33,8,low,26.23,low,0
3,23,8,2,1,179,51,18,38,205.917,92,0,1,0,1,0,0,89,170,31,2,low,2.44,low,1
10,23,8,2,1,361,52,3,28,205.917,92,0,1,1,1,0,4,80,172,27,1,low,2.94,low,2
11,24,8,3,1,289,36,13,33,205.917,92,0,1,2,1,0,1,90,172,30,8,low,6.68,low,0
19,11,8,5,1,291,50,12,32,205.917,92,0,1,0,1,0,0,65,169,23,4,low,10.62,low,0
2,28,8,6,1,235,29,12,48,205.917,92,0,1,1,0,1,5,88,163,33,8,low,5.963333333333334,low,0
20,23,8,6,1,260,50,11,36,205.917,92,0,1,4,1,0,0,65,168,23,4,low,4.013333333333333,low,0
27,23,9,3,1,184,42,7,27,241.476,92,0,1,0,0,0,0,58,167,21,2,low,3.085,low,1
34,23,9,2,1,118,10,10,37,241.476,92,0,1,0,0,0,0,83,172,28,4,low,3.5035476190476187,low,1
3,23,9,3,1,179,51,18,38,241.476,92,0,1,0,1,0,0,89,170,31,4,low,3.465,low,1
5,19,9,3,1,235,20,13,43,241.476,92,0,1,1,1,0,0,106,167,38,8,low,9.505,low,0
14,23,9,4,1,155,12,14,34,241.476,92,0,1,2,1,0,0,95,196,25,2,low,3.208333333333333,low,1
34,23,9,2,1,118,10,10,37,241.476,92,0,1,0,0,0,0,83,172,28,3,low,3.5035476190476187,low,1
3,23,9,3,1,179,51,18,38,241.476,92,0,1,0,1,0,0,89,170,31,3,low,3.465,low,1
15,23,9,5,1,291,31,12,40,241.476,92,0,1,1,1,0,1,73,171,25,4,low,3.72,low,0
20,22,9,6,1,260,50,11,36,241.476,92,0,1,4,1,0,0,65,168,23,8,low,9.6,low,0
15,14,9,2,4,291,31,12,40,241.476,92,0,1,1,1,0,1,73,171,25,32,high,24.56,high,0
20,0,9,2,4,260,50,11,36,241.476,92,1,1,4,1,0,0,65,168,23,0,low,0.0,low,0
29,0,9,2,4,225,26,9,28,241.476,92,1,1,1,0,0,2,69,169,24,0,low,0.0,low,0
28,23,9,3,4,225,26,9,28,241.476,92,0,1,1,0,0,2,69,169,24,2,low,2.3066666666666666,low,0
34,23,9,3,4,118,10,10,37,241.476,92,0,1,0,0,0,0,83,172,28,2,low,2.515,low,1
11,0,9,3,4,289,36,13,33,241.476,92,1,1,2,1,0,1,90,172,30,0,low,0.0,low,0
36,0,9,3,4,118,13,18,50,241.476,92,1,1,1,1,0,0,98,178,31,0,low,2.4,low,1
28,18,9,4,4,225,26,9,28,241.476,92,0,1,1,0,0,2,69,169,24,3,low,4.01,low,0
3,23,9,4,4,179,51,18,38,241.476,92,0,1,0,1,0,0,89,170,31,3,low,2.9675,low,1
13,0,9,4,4,369,17,12,31,241.476,92,1,1,3,1,0,0,70,169,25,0,low,0.0,low,2
33,23,9,6,4,248,25,14,47,241.476,92,0,1,2,0,0,1,86,165,32,1,low,1.48,low,0
3,23,9,6,4,179,51,18,38,241.476,92,0,1,0,1,0,0,89,170,31,3,low,2.8225,low,1
20,23,9,6,4,260,50,11,36,241.476,92,0,1,4,1,0,0,65,168,23,4,low,4.39,low,0
3,23,10,3,4,179,51,18,38,253.465,93,0,1,0,1,0,0,89,170,31,3,low,3.020833333333333,low,1
34,23,10,3,4,118,10,10,37,253.465,93,0,1,0,0,0,0,83,172,28,3,low,2.885,low,1
36,0,10,4,4,118,13,18,50,253.465,93,1,1,1,1,0,0,98,178,31,0,low,0.0,low,1
22,23,10,5,4,179,26,9,30,253.465,93,0,3,0,0,0,0,56,171,19,1,low,4.84,low,1
3,23,10,6,4,179,51,18,38,253.465,93,0,1,0,1,0,0,89,170,31,3,low,3.07,low,1
28,23,10,6,4,225,26,9,28,253.465,93,0,1,1,0,0,2,69,169,24,3,low,3.35,low,0
34,23,10,3,4,118,10,10,37,253.465,93,0,1,0,0,0,0,83,172,28,3,low,2.885,low,1
28,23,10,4,4,225,26,9,28,253.465,93,0,1,1,0,0,2,69,169,24,2,low,3.11,low,0
33,23,10,4,4,248,25,14,47,253.465,93,0,1,2,0,0,1,86,165,32,2,low,1.68,low,0
15,23,10,5,4,291,31,12,40,253.465,93,0,1,1,1,0,1,73,171,25,5,low,4.05,low,0
3,23,10,4,4,179,51,18,38,253.465,93,0,1,0,1,0,0,89,170,31,8,low,3.0875,low,1
28,23,10,4,4,225,26,9,28,253.465,93,0,1,1,0,0,2,69,169,24,3,low,3.11,low,0
20,19,10,5,4,260,50,11,36,253.465,93,0,1,4,1,0,0,65,168,23,16,medium,16.13,medium,0
15,14,10,3,4,291,31,12,40,253.465,93,0,1,1,1,0,1,73,171,25,8,low,14.87,low,0
28,28,10,3,4,225,26,9,28,253.465,93,0,1,1,0,0,2,69,169,24,2,low,2.6783333333333332,low,0
11,26,10,4,4,289,36,13,33,253.465,93,0,1,2,1,0,1,90,172,30,8,low,7.46,low,0
10,23,10,6,4,361,52,3,28,253.465,93,0,1,1,1,0,4,80,172,27,1,low,5.36,low,2
20,28,10,6,4,260,50,11,36,253.465,93,0,1,4,1,0,0,65,168,23,3,low,3.634,low,0
3,23,11,5,4,179,51,18,38,306.345,93,0,1,0,1,0,0,89,170,31,1,low,1.44,low,1
28,23,11,4,4,225,26,9,28,306.345,93,0,1,1,0,0,2,69,169,24,1,low,1.613333333333333,low,0
3,13,11,5,4,179,51,18,38,306.345,93,0,1,0,1,0,0,89,170,31,8,low,9.73,low,1
17,21,11,5,4,179,22,17,40,306.345,93,0,2,2,0,1,0,63,170,22,8,low,8.21,low,1
15,23,11,5,4,291,31,12,40,306.345,93,0,1,1,1,0,1,73,171,25,5,low,2.29,low,0
14,10,11,2,4,155,12,14,34,306.345,93,0,1,2,1,0,0,95,196,25,32,high,45.28,high,1
6,22,11,2,4,189,29,13,33,306.345,93,0,1,2,0,0,2,69,167,25,8,low,10.03,low,1
15,14,11,2,4,291,31,12,40,306.345,93,0,1,1,1,0,1,73,171,25,40,high,31.76,high,0
28,23,11,4,4,225,26,9,28,306.345,93,0,1,1,0,0,2,69,169,24,1,low,1.613333333333333,low,0
14,6,11,6,4,155,12,14,34,306.345,93,0,1,2,1,0,0,95,196,25,8,low,17.6,low,1
28,23,11,4,4,225,26,9,28,306.345,93,0,1,1,0,0,2,69,169,24,3,low,1.613333333333333,low,0
17,21,11,4,4,179,22,17,40,306.345,93,0,2,2,0,1,0,63,170,22,8,low,8.07,low,1
28,13,11,6,4,225,26,9,28,306.345,93,0,1,1,0,0,2,69,169,24,3,low,4.06,low,0
20,28,11,6,4,260,50,11,36,306.345,93,0,1,4,1,0,0,65,168,23,4,low,3.87,low,0
33,28,11,2,4,248,25,14,47,306.345,93,0,1,2,0,0,1,86,165,32,1,low,2.76,low,0
28,28,11,3,4,225,26,9,28,306.345,93,0,1,1,0,0,2,69,169,24,3,low,2.631333333333333,low,0
11,7,11,4,4,289,36,13,33,306.345,93,0,1,2,1,0,1,90,172,30,24,medium,20.57,medium,0
15,23,11,5,4,291,31,12,40,306.345,93,0,1,1,1,0,1,73,171,25,3,low,2.29,low,0
33,23,12,3,4,248,25,14,47,261.306,97,0,1,2,0,0,1,86,165,32,1,low,1.68,low,0
34,19,12,3,4,118,10,10,37,261.306,97,0,1,0,0,0,0,83,172,28,64,high,52.919111111111114,high,1
36,23,12,4,4,118,13,18,50,261.306,97,0,1,1,1,0,0,98,178,31,2,low,1.86,low,1
1,26,12,4,4,235,11,14,37,261.306,97,0,3,1,0,0,1,88,172,29,8,low,3.2783333333333338,low,0
28,23,12,5,4,225,26,9,28,261.306,97,0,1,1,0,0,2,69,169,24,2,low,2.24,low,0
20,26,12,6,4,260,50,11,36,261.306,97,0,1,4,1,0,0,65,168,23,8,low,6.95,low,0
34,19,12,3,4,118,10,10,37,261.306,97,0,1,0,0,0,0,83,172,28,56,high,52.919111111111114,high,1
10,22,12,4,4,361,52,3,28,261.306,97,0,1,1,1,0,4,80,172,27,8,low,7.53,low,2
28,28,12,5,4,225,26,9,28,261.306,97,0,1,1,0,0,2,69,169,24,3,low,2.83,low,0
20,28,12,6,4,260,50,11,36,261.306,97,0,1,4,1,0,0,65,168,23,3,low,3.75,low,0
28,23,12,3,4,225,26,9,28,261.306,97,0,1,1,0,0,2,69,169,24,2,low,2.04,low,0
10,22,12,4,4,361,52,3,28,261.306,97,0,1,1,1,0,4,80,172,27,8,low,7.53,low,2
34,27,12,6,4,118,10,10,37,261.306,97,0,1,0,0,0,0,83,172,28,2,low,3.22,low,1
24,19,12,6,2,246,25,16,41,261.306,97,0,1,0,1,0,0,67,170,23,8,low,15.97,low,0
28,23,12,6,2,225,26,9,28,261.306,97,0,1,1,0,0,2,69,169,24,2,low,2.13,low,0
28,23,1,4,2,225,26,9,28,308.593,95,0,1,1,0,0,2,69,169,24,1,low,1.11,low,0
34,19,1,2,2,118,10,10,37,308.593,95,0,1,0,0,0,0,83,172,28,1,low,7.396,low,1
34,27,1,3,2,118,10,10,37,308.593,95,0,1,0,0,0,0,83,172,28,1,low,1.6745,low,1
14,18,1,3,2,155,12,14,34,308.593,95,0,1,2,1,0,0,95,196,25,8,low,13.54,low,1
28,27,1,4,2,225,26,9,28,308.593,95,0,1,1,0,0,2,69,169,24,2,low,1.94,low,0
27,23,1,5,2,184,42,7,27,308.593,95,0,1,0,0,0,0,58,167,21,2,low,2.62,low,1
28,28,1,5,2,225,26,9,28,308.593,95,0,1,1,0,0,2,69,169,24,2,low,2.02,low,0
28,27,1,6,2,225,26,9,28,308.593,95,0,1,1,0,0,2,69,169,24,1,low,1.984,low,0
34,27,1,2,2,118,10,10,37,308.593,95,0,1,0,0,0,0,83,172,28,2,low,1.4762619047619043,low,1
28,27,1,3,2,225,26,9,28,308.593,95,0,1,1,0,0,2,69,169,24,2,low,1.9063095238095238,low,0
34,27,1,3,2,118,10,10,37,308.593,95,0,1,0,0,0,0,83,172,28,2,low,1.6745,low,1
34,27,1,4,2,118,10,10,37,308.593,95,0,1,0,0,0,0,83,172,28,2,low,1.88452380952381,low,1
34,27,1,5,2,118,10,10,37,308.593,95,0,1,0,0,0,0,83,172,28,2,low,2.05,low,1
34,27,1,6,2,118,10,10,37,308.593,95,0,1,0,0,0,0,83,172,28,2,low,2.145,low,1
34,27,1,2,2,118,10,10,37,308.593,95,0,1,0,0,0,0,83,172,28,2,low,1.4762619047619043,low,1
34,27,1,3,2,118,10,10,37,308.593,95,0,1,0,0,0,0,83,172,28,2,low,1.6745,low,1
22,18,1,3,2,179,26,9,30,308.593,95,0,3,0,0,0,0,56,171,19,8,low,7.6,low,1
11,18,1,3,2,289,36,13,33,308.593,95,0,1,2,1,0,1,90,172,30,8,low,9.54,low,0
34,27,1,4,2,118,10,10,37,308.593,95,0,1,0,0,0,0,83,172,28,2,low,1.88452380952381,low,1
27,23,1,5,2,184,42,7,27,308.593,95,0,1,0,0,0,0,58,167,21,2,low,2.62,low,1
34,27,1,5,2,118,10,10,37,308.593,95,0,1,0,0,0,0,83,172,28,2,low,2.05,low,1
34,27,1,2,2,118,10,10,37,308.593,95,0,1,0,0,0,0,83,172,28,0,low,1.4762619047619043,low,1
28,23,1,3,2,225,26,9,28,308.593,95,0,1,1,0,0,2,69,169,24,1,low,1.181142857142857,low,0
11,22,1,5,2,289,36,13,33,308.593,95,0,1,2,1,0,1,90,172,30,3,low,4.67,low,0
27,23,2,6,2,184,42,7,27,302.585,99,0,1,0,0,0,0,58,167,21,1,low,3.005,low,1
24,1,2,4,2,246,25,16,41,302.585,99,0,1,0,1,0,0,67,170,23,8,low,11.2,low,0
3,11,2,4,2,179,51,18,38,302.585,99,0,1,0,1,0,0,89,170,31,8,low,8.03,low,1
14,28,2,5,2,155,12,14,34,302.585,99,0,1,2,1,0,0,95,196,25,2,low,3.0,low,1
6,23,2,5,2,189,29,13,33,302.585,99,0,1,2,0,0,2,69,167,25,8,low,6.41,low,1
20,28,2,6,2,260,50,11,36,302.585,99,0,1,4,1,0,0,65,168,23,2,low,2.463333333333333,low,0
11,22,2,6,2,289,36,13,33,302.585,99,0,1,2,1,0,1,90,172,30,8,low,8.04,low,0
31,11,2,2,2,388,15,9,50,302.585,99,0,1,0,0,0,0,76,178,24,8,low,8.61,low,2
31,1,2,3,2,388,15,9,50,302.585,99,0,1,0,0,0,0,76,178,24,8,low,8.7,low,2
28,28,2,2,2,225,26,9,28,302.585,99,0,1,1,0,0,2,69,169,24,2,low,2.33,low,0
28,23,2,3,2,225,26,9,28,302.585,99,0,1,1,0,0,2,69,169,24,2,low,1.9,low,0
22,23,2,3,2,179,26,9,30,302.585,99,0,3,0,0,0,0,56,171,19,1,low,2.41,low,1
27,23,2,3,2,184,42,7,27,302.585,99,0,1,0,0,0,0,58,167,21,8,low,5.84,low,1
28,25,2,5,2,225,26,9,28,302.585,99,0,1,1,0,0,2,69,169,24,3,low,2.5466666666666664,low,0
18,18,2,2,2,330,16,4,28,302.585,99,0,2,0,0,0,0,84,182,25,8,low,7.82,low,2
18,23,2,3,2,330,16,4,28,302.585,99,0,2,0,0,0,0,84,182,25,1,low,4.0,low,2
28,23,2,4,2,225,26,9,28,302.585,99,0,1,1,0,0,2,69,169,24,1,low,1.5,low,0
6,19,2,5,2,189,29,13,33,302.585,99,0,1,2,0,0,2,69,167,25,8,low,9.9,low,1
19,28,3,3,2,291,50,12,32,343.253,95,0,1,0,1,0,0,65,169,23,2,low,3.732166666666667,low,0
20,19,3,3,2,260,50,11,36,343.253,95,0,1,4,1,0,0,65,168,23,8,low,12.65,low,0
30,19,3,3,2,157,27,6,29,343.253,95,0,1,0,1,1,0,75,185,22,3,low,8.27,low,1
17,17,3,3,2,179,22,17,40,343.253,95,0,2,2,0,1,0,63,170,22,8,low,6.07,low,1
15,22,3,4,2,291,31,12,40,343.253,95,0,1,1,1,0,1,73,171,25,8,low,8.43,low,0
20,13,3,4,2,260,50,11,36,343.253,95,0,1,4,1,0,0,65,168,23,8,low,15.07,low,0
22,13,3,5,2,179,26,9,30,343.253,95,0,3,0,0,0,0,56,171,19,8,low,7.89,low,1
33,14,3,6,2,248,25,14,47,343.253,95,0,1,2,0,0,1,86,165,32,3,low,4.1,low,0
20,13,3,6,2,260,50,11,36,343.253,95,0,1,4,1,0,0,65,168,23,40,high,32.35,high,0
17,11,3,2,2,179,22,17,40,343.253,95,0,2,2,0,1,0,63,170,22,40,high,7.61,high,1
14,1,3,2,2,155,12,14,34,343.253,95,0,1,2,1,0,0,95,196,25,16,medium,33.62,medium,1
20,26,3,2,2,260,50,11,36,343.253,95,0,1,4,1,0,0,65,168,23,16,medium,11.22,medium,0
14,13,3,3,2,155,12,14,34,343.253,95,0,1,2,1,0,0,95,196,25,8,low,13.06,low,1
11,6,3,5,2,289,36,13,33,343.253,95,0,1,2,1,0,1,90,172,30,8,low,9.31,low,0
17,8,3,5,2,179,22,17,40,343.253,95,0,2,2,0,1,0,63,170,22,8,low,8.54,low,1
20,28,3,6,2,260,50,11,36,343.253,95,0,1,4,1,0,0,65,168,23,4,low,5.98,low,0
28,23,3,6,2,225,26,9,28,343.253,95,0,1,1,0,0,2,69,169,24,1,low,1.47,low,0
7,14,3,2,2,279,5,14,39,343.253,95,0,1,2,1,1,0,68,168,24,8,low,10.92,low,0
3,13,3,3,2,179,51,18,38,343.253,95,0,1,0,1,0,0,89,170,31,24,medium,17.26,medium,1
28,23,3,4,2,225,26,9,28,343.253,95,0,1,1,0,0,2,69,169,24,2,low,1.28,low,0
28,11,3,2,3,225,26,9,28,343.253,95,0,1,1,0,0,2,69,169,24,8,low,8.24,low,0
22,13,3,2,3,179,26,9,30,343.253,95,0,3,0,0,0,0,56,171,19,1,low,3.16,low,1
28,11,3,3,3,225,26,9,28,343.253,95,0,1,1,0,0,2,69,169,24,8,low,8.75,low,0
28,11,3,4,3,225,26,9,28,343.253,95,0,1,1,0,0,2,69,169,24,16,medium,12.3,medium,0
3,13,3,4,3,179,51,18,38,343.253,95,0,1,0,1,0,0,89,170,31,3,low,9.05,low,1
7,14,3,5,3,279,5,14,39,343.253,95,0,1,2,1,1,0,68,168,24,16,medium,13.59,medium,0
28,28,3,6,3,225,26,9,28,343.253,95,0,1,1,0,0,2,69,169,24,2,low,1.9040000000000001,low,0
33,14,3,6,3,248,25,14,47,343.253,95,0,1,2,0,0,1,86,165,32,3,low,4.055,low,0
28,28,3,2,3,225,26,9,28,343.253,95,0,1,1,0,0,2,69,169,24,1,low,1.4933333333333332,low,0
15,28,4,4,3,291,31,12,40,326.452,96,0,1,1,1,0,1,73,171,25,1,low,1.21,low,0
28,23,4,4,3,225,26,9,28,326.452,96,0,1,1,0,0,2,69,169,24,1,low,1.1566666666666667,low,0
14,28,4,3,3,155,12,14,34,326.452,96,0,1,2,1,0,0,95,196,25,1,low,1.4355000000000002,low,1
24,13,4,4,3,246,25,16,41,326.452,96,0,1,0,1,0,0,67,170,23,24,medium,22.54,medium,0
14,23,4,5,3,155,12,14,34,326.452,96,0,1,2,1,0,0,95,196,25,1,low,1.65,low,1
28,28,4,6,3,225,26,9,28,326.452,96,0,1,1,0,0,2,69,169,24,2,low,1.864,low,0
20,28,4,6,3,260,50,11,36,326.452,96,0,1,4,1,0,0,65,168,23,4,low,4.046666666666667,low,0
3,13,4,4,3,179,51,18,38,326.452,96,0,1,0,1,0,0,89,170,31,24,medium,18.5,medium,1
36,23,4,5,3,118,13,18,50,326.452,96,0,1,1,1,0,0,98,178,31,1,low,1.14,low,1
15,23,4,6,3,291,31,12,40,326.452,96,0,1,1,1,0,1,73,171,25,3,low,2.63,low,0
24,14,4,6,3,246,25,16,41,326.452,96,0,1,0,1,0,0,67,170,23,8,low,13.91,low,0
15,28,4,6,3,291,31,12,40,326.452,96,0,1,1,1,0,1,73,171,25,1,low,1.38,low,0
33,28,4,6,3,248,25,14,47,326.452,96,0,1,2,0,0,1,86,165,32,8,low,5.69,low,0
20,19,4,6,3,260,50,11,36,326.452,96,0,1,4,1,0,0,65,168,23,56,high,41.47,high,0
11,19,4,3,3,289,36,13,33,326.452,96,0,1,2,1,0,1,90,172,30,8,low,17.785,low,0
14,12,4,4,3,155,12,14,34,326.452,96,0,1,2,1,0,0,95,196,25,24,medium,14.71,medium,1
23,19,4,4,3,378,49,11,36,326.452,96,0,1,2,0,1,4,65,174,21,8,low,12.66,low,2
11,13,4,5,3,289,36,13,33,326.452,96,0,1,2,1,0,1,90,172,30,16,medium,15.13,medium,0
1,7,4,6,3,235,11,14,37,326.452,96,0,3,1,0,0,1,88,172,29,3,low,6.47,low,0
2,0,4,2,3,235,29,12,48,326.452,96,1,1,1,0,1,5,88,163,33,0,low,0.0,low,0
11,13,5,4,3,289,36,13,33,378.884,92,0,1,2,1,0,1,90,172,30,8,low,14.94,low,0
14,28,5,5,3,155,12,14,34,378.884,92,0,1,2,1,0,0,95,196,25,2,low,1.9340000000000002,low,1
14,28,5,2,3,155,12,14,34,378.884,92,0,1,2,1,0,0,95,196,25,1,low,1.8706666666666667,low,1
3,18,5,3,3,179,51,18,38,378.884,92,0,1,0,1,0,0,89,170,31,8,low,9.46,low,1
28,19,5,3,3,225,26,9,28,378.884,92,0,1,1,0,0,2,69,169,24,8,low,11.68,low,0
27,7,5,4,3,184,42,7,27,378.884,92,0,1,0,0,0,0,58,167,21,4,low,7.01,low,1
14,28,5,2,3,155,12,14,34,378.884,92,0,1,2,1,0,0,95,196,25,2,low,1.8706666666666667,low,1
3,12,5,3,3,179,51,18,38,378.884,92,0,1,0,1,0,0,89,170,31,1,low,6.32,low,1
11,13,5,4,3,289,36,13,33,378.884,92,0,1,2,1,0,1,90,172,30,24,medium,14.94,low,0
7,0,5,4,3,279,5,14,39,378.884,92,1,1,2,1,1,0,68,168,24,0,low,0.08,low,0
18,0,5,4,3,330,16,4,28,378.884,92,1,2,0,0,0,0,84,182,25,0,low,0.0,low,2
23,0,5,4,3,378,49,11,36,378.884,92,1,1,2,0,1,4,65,174,21,0,low,0.0,low,2
31,0,5,4,3,388,15,9,50,378.884,92,1,1,0,0,0,0,76,178,24,0,low,0.08,low,2
3,11,5,3,3,179,51,18,38,378.884,92,0,1,0,1,0,0,89,170,31,1,low,5.21,low,1
36,13,5,4,3,118,13,18,50,378.884,92,0,1,1,1,0,0,98,178,31,24,medium,20.125,medium,1
10,22,5,6,3,361,52,3,28,378.884,92,0,1,1,1,0,4,80,172,27,8,low,8.72,low,2
24,19,6,2,3,246,25,16,41,377.55,94,0,1,0,1,0,0,67,170,23,8,low,16.845,low,0
10,22,6,2,3,361,52,3,28,377.55,94,0,1,1,1,0,4,80,172,27,8,low,8.49,low,2
24,10,6,3,3,246,25,16,41,377.55,94,0,1,0,1,0,0,67,170,23,24,medium,20.0,medium,0
15,23,6,5,3,291,31,12,40,377.55,94,0,1,1,1,0,1,73,171,25,4,low,3.85,low,0
24,10,6,6,3,246,25,16,41,377.55,94,0,1,0,1,0,0,67,170,23,8,low,11.7,low,0
3,11,6,2,3,179,51,18,38,377.55,94,0,1,0,1,0,0,89,170,31,8,low,7.67,low,1
14,23,6,2,3,155,12,14,34,377.55,94,0,1,2,1,0,0,95,196,25,4,low,3.1471666666666662,low,1
24,10,6,2,3,246,25,16,41,377.55,94,0,1,0,1,0,0,67,170,23,8,low,12.48,low,0
36,13,6,4,3,118,13,18,50,377.55,94,0,1,1,1,0,0,98,178,31,8,low,12.395,low,1
1,13,6,6,3,235,11,14,37,377.55,94,0,3,1,0,0,1,88,172,29,16,medium,12.29,medium,0
36,23,6,3,3,118,13,18,50,377.55,94,0,1,1,1,0,0,98,178,31,1,low,1.367,low,1
36,13,6,4,3,118,13,18,50,377.55,94,0,1,1,1,0,0,98,178,31,80,high,12.395,low,1
23,22,6,5,3,378,49,11,36,377.55,94,0,1,2,0,1,4,65,174,21,8,low,8.34,low,2
3,11,6,6,3,179,51,18,38,377.55,94,0,1,0,1,0,0,89,170,31,2,low,4.84,low,1
32,28,6,2,1,289,48,29,49,377.55,94,0,1,0,0,0,2,108,172,36,2,low,4.235333333333333,low,0
28,28,6,5,1,225,26,9,28,377.55,94,0,1,1,0,0,2,69,169,24,2,low,2.65,low,0
14,19,7,3,1,155,12,14,34,275.312,98,0,1,2,1,0,0,95,196,25,16,medium,22.135,medium,1
36,1,7,4,1,118,13,18,50,275.312,98,0,1,1,1,0,0,98,178,31,8,low,9.745,low,1
34,5,7,6,1,118,10,10,37,275.312,98,0,1,0,0,0,0,83,172,28,8,low,6.52,low,1
34,26,7,6,1,118,10,10,37,275.312,98,0,1,0,0,0,0,83,172,28,4,low,5.573333333333334,low,1
18,26,7,3,1,330,16,4,28,275.312,98,0,2,0,0,0,0,84,182,25,8,low,8.22,low,2
22,18,7,5,1,179,26,9,30,275.312,98,0,3,0,0,0,0,56,171,19,8,low,8.22,low,1
14,25,7,6,1,155,12,14,34,275.312,98,0,1,2,1,0,0,95,196,25,2,low,3.03,low,1
18,1,7,2,1,330,16,4,28,275.312,98,0,2,0,0,0,0,84,182,25,8,low,7.94,low,2
18,1,7,3,1,330,16,4,28,275.312,98,0,2,0,0,0,0,84,182,25,8,low,7.66,low,2
30,25,7,2,1,157,27,6,29,275.312,98,0,1,0,1,1,0,75,185,22,3,low,3.634,low,1
10,22,7,3,1,361,52,3,28,275.312,98,0,1,1,1,0,4,80,172,27,8,low,8.43,low,2
11,26,7,4,1,289,36,13,33,275.312,98,0,1,2,1,0,1,90,172,30,8,low,5.72,low,0
3,26,7,5,1,179,51,18,38,275.312,98,0,1,0,1,0,0,89,170,31,8,low,4.409833333333333,low,1
11,19,7,2,1,289,36,13,33,275.312,98,0,1,2,1,0,1,90,172,30,32,high,22.43,high,0
11,19,7,5,1,289,36,13,33,275.312,98,0,1,2,1,0,1,90,172,30,8,low,10.14,low,0
20,0,7,5,1,260,50,11,36,275.312,98,1,1,4,1,0,0,65,168,23,0,low,0.0,low,0
11,19,8,6,1,289,36,13,33,265.615,94,0,1,2,1,0,1,90,172,30,8,low,10.33,low,0
30,19,8,6,1,157,27,6,29,265.615,94,0,1,0,1,1,0,75,185,22,3,low,6.24,low,1
11,23,8,2,1,289,36,13,33,265.615,94,0,1,2,1,0,1,90,172,30,1,low,4.91,low,0
9,18,8,3,1,228,14,16,58,265.615,94,0,1,2,0,0,1,65,172,22,8,low,42.11,low,0
26,13,8,5,1,300,26,13,43,265.615,94,0,1,2,1,1,1,77,175,25,1,low,3.64,low,0
26,14,8,5,1,300,26,13,43,265.615,94,0,1,2,1,1,1,77,175,25,2,low,3.8,low,0
20,28,8,6,1,260,50,11,36,265.615,94,0,1,4,1,0,0,65,168,23,4,low,3.915,low,0
11,23,8,3,1,289,36,13,33,265.615,94,0,1,2,1,0,1,90,172,30,4,low,4.89,low,0
33,23,8,4,1,248,25,14,47,265.615,94,0,1,2,0,0,1,86,165,32,1,low,1.8119999999999998,low,0
21,11,8,5,1,268,11,8,33,265.615,94,0,2,0,0,0,0,79,178,25,8,low,7.41,low,0
22,23,8,5,1,179,26,9,30,265.615,94,0,3,0,0,0,0,56,171,19,1,low,1.8706666666666667,low,1
36,13,8,5,1,118,13,18,50,265.615,94,0,1,1,1,0,0,98,178,31,3,low,3.755,low,1
33,25,8,2,1,248,25,14,47,265.615,94,0,1,2,0,0,1,86,165,32,2,low,2.2653333333333334,low,0
1,23,8,3,1,235,11,14,37,265.615,94,0,3,1,0,0,1,88,172,29,1,low,2.953333333333333,low,0
36,23,8,5,1,118,13,18,50,265.615,94,0,1,1,1,0,0,98,178,31,1,low,1.1,low,1
1,19,8,5,1,235,11,14,37,265.615,94,0,3,1,0,0,1,88,172,29,8,low,10.233333333333334,low,0
10,8,8,3,1,361,52,3,28,265.615,94,0,1,1,1,0,4,80,172,27,8,low,9.73,low,2
27,6,8,4,1,184,42,7,27,265.615,94,0,1,0,0,0,0,58,167,21,8,low,8.26,low,1
3,11,9,2,1,179,51,18,38,294.217,81,0,1,0,1,0,0,89,170,31,8,low,7.95,low,1
3,23,9,6,1,179,51,18,38,294.217,81,0,1,0,1,0,0,89,170,31,3,low,2.79,low,1
11,19,9,4,1,289,36,13,33,294.217,81,0,1,2,1,0,1,90,172,30,24,medium,21.04,medium,0
5,0,9,5,1,235,20,13,43,294.217,81,1,1,1,1,0,0,106,167,38,0,low,0.0,low,0
24,9,9,2,1,246,25,16,41,294.217,81,0,1,0,1,0,0,67,170,23,16,medium,21.48,medium,0
15,28,9,3,1,291,31,12,40,294.217,81,0,1,1,1,0,1,73,171,25,3,low,2.7,low,0
8,0,9,3,1,231,35,14,39,294.217,81,1,1,2,1,0,2,100,170,35,0,low,0.0,low,0
19,0,9,3,1,291,50,12,32,294.217,81,1,1,0,1,0,0,65,169,23,0,low,0.0,low,0
3,13,9,4,1,179,51,18,38,294.217,81,0,1,0,1,0,0,89,170,31,8,low,10.16,low,1
24,9,9,4,1,246,25,16,41,294.217,81,0,1,0,1,0,0,67,170,23,32,high,29.39,high,0
3,23,9,5,1,179,51,18,38,294.217,81,0,1,0,1,0,0,89,170,31,1,low,1.84,low,1
15,28,9,6,1,291,31,12,40,294.217,81,0,1,1,1,0,1,73,171,25,4,low,2.49,low,0
20,28,9,6,1,260,50,11,36,294.217,81,0,1,4,1,0,0,65,168,23,4,low,3.87,low,0
5,26,9,4,4,235,20,13,43,294.217,81,0,1,1,1,0,0,106,167,38,8,low,6.69,low,0
36,28,9,5,4,118,13,18,50,294.217,81,0,1,1,1,0,0,98,178,31,1,low,1.1075,low,1
5,0,9,5,4,235,20,13,43,294.217,81,1,1,1,1,0,0,106,167,38,0,low,0.0,low,0
15,28,9,6,4,291,31,12,40,294.217,81,0,1,1,1,0,1,73,171,25,3,low,2.38,low,0
15,7,9,2,4,291,31,12,40,294.217,81,0,1,1,1,0,1,73,171,25,40,high,33.69,high,0
3,13,9,2,4,179,51,18,38,294.217,81,0,1,0,1,0,0,89,170,31,8,low,9.44,low,1
11,24,10,2,4,289,36,13,33,265.017,88,0,1,2,1,0,1,90,172,30,8,low,7.59,low,0
1,26,10,2,4,235,11,14,37,265.017,88,0,3,1,0,0,1,88,172,29,4,low,5.191,low,0
11,26,10,2,4,289,36,13,33,265.017,88,0,1,2,1,0,1,90,172,30,8,low,7.618333333333332,low,0
11,22,10,6,4,289,36,13,33,265.017,88,0,1,2,1,0,1,90,172,30,8,low,10.01,low,0
36,0,10,6,4,118,13,18,50,265.017,88,1,1,1,1,0,0,98,178,31,0,low,0.0,low,1
33,0,10,6,4,248,25,14,47,265.017,88,1,1,2,0,0,1,86,165,32,0,low,0.0,low,0
22,1,10,2,4,179,26,9,30,265.017,88,0,3,0,0,0,0,56,171,19,8,low,20.43,low,1
34,7,10,2,4,118,10,10,37,265.017,88,0,1,0,0,0,0,83,172,28,3,low,6.48,low,1
13,22,10,2,4,369,17,12,31,265.017,88,0,1,3,1,0,0,70,169,25,8,low,8.94,low,2
3,28,10,4,4,179,51,18,38,265.017,88,0,1,0,1,0,0,89,170,31,1,low,1.9099999999999997,low,1
22,1,10,4,4,179,26,9,30,265.017,88,0,3,0,0,0,0,56,171,19,64,high,42.43,low,1
5,0,10,4,4,235,20,13,43,265.017,88,1,1,1,1,0,0,106,167,38,0,low,0.0,low,0
11,19,10,5,4,289,36,13,33,265.017,88,0,1,2,1,0,1,90,172,30,16,medium,15.653333333333332,medium,0
20,28,10,6,4,260,50,11,36,265.017,88,0,1,4,1,0,0,65,168,23,3,low,3.4,low,0
5,0,10,6,4,235,20,13,43,265.017,88,1,1,1,1,0,0,106,167,38,0,low,0.0,low,0
5,23,10,2,4,235,20,13,43,265.017,88,0,1,1,1,0,0,106,167,38,2,low,2.71,low,0
5,23,10,2,4,235,20,13,43,265.017,88,0,1,1,1,0,0,106,167,38,2,low,2.71,low,0
36,28,10,3,4,118,13,18,50,265.017,88,0,1,1,1,0,0,98,178,31,1,low,1.14,low,1
15,28,10,3,4,291,31,12,40,265.017,88,0,1,1,1,0,1,73,171,25,4,low,3.2383333333333337,low,0
22,23,10,5,4,179,26,9,30,265.017,88,0,3,0,0,0,0,56,171,19,16,medium,11.68,medium,1
36,28,10,5,4,118,13,18,50,265.017,88,0,1,1,1,0,0,98,178,31,1,low,1.04,low,1
10,10,10,2,4,361,52,3,28,265.017,88,0,1,1,1,0,4,80,172,27,8,low,10.91,low,2
20,0,10,3,4,260,50,11,36,265.017,88,1,1,4,1,0,0,65,168,23,0,low,0.0,low,0
15,0,10,3,4,291,31,12,40,265.017,88,1,1,1,1,0,1,73,171,25,0,low,0.0,low,0
30,0,10,3,4,157,27,6,29,265.017,88,1,1,0,1,1,0,75,185,22,0,low,0.0,low,1
22,1,10,4,4,179,26,9,30,265.017,88,0,3,0,0,0,0,56,171,19,5,low,42.43,low,1
22,7,10,4,4,179,26,9,30,265.017,88,0,3,0,0,0,0,56,171,19,5,low,18.88,low,1
36,23,10,5,4,118,13,18,50,265.017,88,0,1,1,1,0,0,98,178,31,1,low,1.17,low,1
34,11,11,2,4,118,10,10,37,284.031,97,0,1,0,0,0,0,83,172,28,8,low,7.13,low,1
33,23,11,2,4,248,25,14,47,284.031,97,0,1,2,0,0,1,86,165,32,2,low,1.91,low,0
3,6,11,3,4,179,51,18,38,284.031,97,0,1,0,1,0,0,89,170,31,8,low,15.33,low,1
20,28,11,6,4,260,50,11,36,284.031,97,0,1,4,1,0,0,65,168,23,3,low,3.27,low,0
15,23,11,2,4,291,31,12,40,284.031,97,0,1,1,1,0,1,73,171,25,1,low,1.33,low,0
23,1,11,2,4,378,49,11,36,284.031,97,0,1,2,0,1,4,65,174,21,8,low,11.52,low,2
14,11,11,2,4,155,12,14,34,284.031,97,0,1,2,1,0,0,95,196,25,120,high,83.9,high,1
5,26,11,2,4,235,20,13,43,284.031,97,0,1,1,1,0,0,106,167,38,8,low,7.06,low,0
18,0,11,3,4,330,16,4,28,284.031,97,1,2,0,0,0,0,84,182,25,0,low,0.0,low,2
1,18,11,4,4,235,11,14,37,284.031,97,0,3,1,0,0,1,88,172,29,1,low,7.32,low,0
34,11,11,4,4,118,10,10,37,284.031,97,0,1,0,0,0,0,83,172,28,3,low,4.335,low,1
1,25,11,5,4,235,11,14,37,284.031,97,0,3,1,0,0,1,88,172,29,2,low,2.51,low,0
3,28,11,5,4,179,51,18,38,284.031,97,0,1,0,1,0,0,89,170,31,3,low,2.58,low,1
24,13,11,6,4,246,25,16,41,284.031,97,0,1,0,1,0,0,67,170,23,8,low,8.52,low,0
15,12,11,6,4,291,31,12,40,284.031,97,0,1,1,1,0,1,73,171,25,4,low,7.55,low,0
24,13,11,2,4,246,25,16,41,284.031,97,0,1,0,1,0,0,67,170,23,8,low,16.3,low,0
3,28,11,3,4,179,51,18,38,284.031,97,0,1,0,1,0,0,89,170,31,1,low,2.158166666666667,low,1
20,10,11,4,4,260,50,11,36,284.031,97,0,1,4,1,0,0,65,168,23,8,low,11.84,low,0
20,15,11,6,4,260,50,11,36,284.031,97,0,1,4,1,0,0,65,168,23,8,low,13.92,low,0
23,0,11,6,4,378,49,11,36,284.031,97,1,1,2,0,1,4,65,174,21,0,low,0.0,low,2
7,0,11,3,4,279,5,14,39,284.031,97,1,1,2,1,1,0,68,168,24,0,low,0.0,low,0
3,23,11,5,4,179,51,18,38,284.031,97,0,1,0,1,0,0,89,170,31,1,low,2.1225,low,1
28,12,12,2,4,225,26,9,28,236.629,93,0,1,1,0,0,2,69,169,24,3,low,9.14,low,0
3,28,12,2,4,179,51,18,38,236.629,93,0,1,0,1,0,0,89,170,31,2,low,1.21,low,1
3,28,12,2,4,179,51,18,38,236.629,93,0,1,0,1,0,0,89,170,31,1,low,1.21,low,1
1,23,12,2,4,235,11,14,37,236.629,93,0,3,1,0,0,1,88,172,29,3,low,2.45,low,0
36,28,12,3,4,118,13,18,50,236.629,93,0,1,1,1,0,0,98,178,31,1,low,1.12,low,1
20,28,12,6,4,260,50,11,36,236.629,93,0,1,4,1,0,0,65,168,23,4,low,4.427333333333333,low,0
24,4,12,5,4,246,25,16,41,236.629,93,0,1,0,1,0,0,67,170,23,8,low,10.52,low,0
3,28,12,5,4,179,51,18,38,236.629,93,0,1,0,1,0,0,89,170,31,1,low,1.13,low,1
3,28,12,6,4,179,51,18,38,236.629,93,0,1,0,1,0,0,89,170,31,1,low,1.0,low,1
22,23,12,3,4,179,26,9,30,236.629,93,0,3,0,0,0,0,56,171,19,1,low,1.75,low,1
34,25,12,3,4,118,10,10,37,236.629,93,0,1,0,0,0,0,83,172,28,8,low,2.279333333333333,low,1
1,25,12,5,4,235,11,14,37,236.629,93,0,3,1,0,0,1,88,172,29,2,low,2.706666666666667,low,0
3,28,12,6,4,179,51,18,38,236.629,93,0,1,0,1,0,0,89,170,31,1,low,1.0,low,1
5,13,12,3,2,235,20,13,43,236.629,93,0,1,1,1,0,0,106,167,38,8,low,11.01,low,0
1,14,12,3,2,235,11,14,37,236.629,93,0,3,1,0,0,1,88,172,29,4,low,7.18,low,0
20,26,12,4,2,260,50,11,36,236.629,93,0,1,4,1,0,0,65,168,23,8,low,6.97,low,0
30,28,12,2,2,157,27,6,29,236.629,93,0,1,0,1,1,0,75,185,22,2,low,2.585,low,1
3,28,12,2,2,179,51,18,38,236.629,93,0,1,0,1,0,0,89,170,31,3,low,2.51,low,1
11,19,12,2,2,289,36,13,33,236.629,93,0,1,2,1,0,1,90,172,30,8,low,18.76,low,0
28,23,1,4,2,225,26,9,28,330.061,100,0,1,1,0,0,2,69,169,24,5,low,3.67,low,0
34,19,1,2,2,118,10,10,37,330.061,100,0,1,0,0,0,0,83,172,28,32,high,24.272666666666666,high,1
14,23,1,2,2,155,12,14,34,330.061,100,0,1,2,1,0,0,95,196,25,2,low,3.95,low,1
1,13,1,3,2,235,11,14,37,330.061,100,0,3,1,0,0,1,88,172,29,1,low,14.59,low,0
14,23,1,3,2,155,12,14,34,330.061,100,0,1,2,1,0,0,95,196,25,4,low,3.49,low,1
11,26,1,2,2,289,36,13,33,330.061,100,0,1,2,1,0,1,90,172,30,8,low,6.46,low,0
15,3,1,4,2,291,31,12,40,330.061,100,0,1,1,1,0,1,73,171,25,8,low,10.63,low,0
5,26,1,2,2,235,20,13,43,330.061,100,0,1,1,1,0,0,106,167,38,8,low,7.72,low,0
36,26,1,2,2,118,13,18,50,330.061,100,0,1,1,1,0,0,98,178,31,4,low,3.683333333333333,low,1
3,28,1,4,2,179,51,18,38,330.061,100,0,1,0,1,0,0,89,170,31,1,low,2.0716666666666668,low,1
3,28,1,6,2,179,51,18,38,330.061,100,0,1,0,1,0,0,89,170,31,1,low,2.240666666666667,low,1
34,28,2,3,2,118,10,10,37,251.818,96,0,1,0,0,0,0,83,172,28,2,low,2.877,low,1
3,27,2,4,2,179,51,18,38,251.818,96,0,1,0,1,0,0,89,170,31,3,low,2.98,low,1
28,7,2,4,2,225,26,9,28,251.818,96,0,1,1,0,0,2,69,169,24,1,low,7.41,low,0
11,22,2,6,2,289,36,13,33,251.818,96,0,1,2,1,0,1,90,172,30,3,low,4.91,low,0
20,28,2,6,2,260,50,11,36,251.818,96,0,1,4,1,0,0,65,168,23,3,low,3.23,low,0
3,23,2,6,2,179,51,18,38,251.818,96,0,1,0,1,0,0,89,170,31,3,low,3.0,low,1
3,27,2,2,2,179,51,18,38,251.818,96,0,1,0,1,0,0,89,170,31,2,low,3.4391666666666665,low,1
3,27,2,4,2,179,51,18,38,251.818,96,0,1,0,1,0,0,89,170,31,3,low,2.98,low,1
3,10,2,5,2,179,51,18,38,251.818,96,0,1,0,1,0,0,89,170,31,8,low,9.63,low,1
24,26,2,5,2,246,25,16,41,251.818,96,0,1,0,1,0,0,67,170,23,8,low,6.6691666666666665,low,0
3,27,2,6,2,179,51,18,38,251.818,96,0,1,0,1,0,0,89,170,31,3,low,2.99,low,1
6,22,2,2,2,189,29,13,33,251.818,96,0,1,2,0,0,2,69,167,25,8,low,6.11,low,1
3,27,2,2,2,179,51,18,38,251.818,96,0,1,0,1,0,0,89,170,31,3,low,3.4391666666666665,low,1
24,23,2,3,2,246,25,16,41,251.818,96,0,1,0,1,0,0,67,170,23,2,low,3.18,low,0
15,23,2,3,2,291,31,12,40,251.818,96,0,1,1,1,0,1,73,171,25,2,low,2.345,low,0
30,11,2,4,2,157,27,6,29,251.818,96,0,1,0,1,1,0,75,185,22,16,medium,13.69,medium,1
3,27,2,4,2,179,51,18,38,251.818,96,0,1,0,1,0,0,89,170,31,3,low,2.98,low,1
3,27,2,6,2,179,51,18,38,251.818,96,0,1,0,1,0,0,89,170,31,3,low,2.99,low,1
24,10,2,6,2,246,25,16,41,251.818,96,0,1,0,1,0,0,67,170,23,24,medium,17.43,medium,0
3,27,2,4,2,179,51,18,38,251.818,96,0,1,0,1,0,0,89,170,31,3,low,2.98,low,1
3,27,2,6,2,179,51,18,38,251.818,96,0,1,0,1,0,0,89,170,31,3,low,2.99,low,1
34,18,3,3,2,118,10,10,37,244.387,98,0,1,0,0,0,0,83,172,28,8,low,7.16,low,1
24,19,3,4,2,246,25,16,41,244.387,98,0,1,0,1,0,0,67,170,23,16,medium,14.82,medium,0
24,28,3,6,2,246,25,16,41,244.387,98,0,1,0,1,0,0,67,170,23,2,low,2.9975,low,0
20,28,3,6,2,260,50,11,36,244.387,98,0,1,4,1,0,0,65,168,23,4,low,3.856,low,0
3,28,3,2,2,179,51,18,38,244.387,98,0,1,0,1,0,0,89,170,31,2,low,10.84,low,1
1,22,3,2,2,235,11,14,37,244.387,98,0,3,1,0,0,1,88,172,29,8,low,7.77,low,0
17,22,3,3,2,179,22,17,40,244.387,98,0,2,2,0,1,0,63,170,22,8,low,7.73,low,1
23,22,3,3,2,378,49,11,36,244.387,98,0,1,2,0,1,4,65,174,21,8,low,8.36,low,2
3,28,3,2,2,179,51,18,38,244.387,98,0,1,0,1,0,0,89,170,31,16,medium,10.84,low,1
10,22,3,4,2,361,52,3,28,244.387,98,0,1,1,1,0,4,80,172,27,8,low,7.93,low,2
13,0,3,4,2,369,17,12,31,244.387,98,1,1,3,1,0,0,70,169,25,0,low,0.0,low,2
1,21,3,5,2,235,11,14,37,244.387,98,0,3,1,0,0,1,88,172,29,8,low,7.9,low,0
36,23,3,6,3,118,13,18,50,244.387,98,0,1,1,1,0,0,98,178,31,2,low,2.09,low,1
36,14,3,3,3,118,13,18,50,244.387,98,0,1,1,1,0,0,98,178,31,3,low,8.29,low,1
36,13,3,4,3,118,13,18,50,244.387,98,0,1,1,1,0,0,98,178,31,8,low,13.975,low,1
1,0,3,5,3,235,11,14,37,244.387,98,1,3,1,0,0,1,88,172,29,0,low,0.0,low,0
24,0,3,5,3,246,25,16,41,244.387,98,1,1,0,1,0,0,67,170,23,0,low,0.0,low,0
36,0,3,5,3,118,13,18,50,244.387,98,1,1,1,1,0,0,98,178,31,0,low,0.08,low,1
3,28,3,6,3,179,51,18,38,244.387,98,0,1,0,1,0,0,89,170,31,8,low,7.416666666666668,low,1
11,22,3,6,3,289,36,13,33,244.387,98,0,1,2,1,0,1,90,172,30,8,low,8.86,low,0
20,19,3,2,3,260,50,11,36,244.387,98,0,1,4,1,0,0,65,168,23,8,low,20.0,low,0
24,28,3,3,3,246,25,16,41,244.387,98,0,1,0,1,0,0,67,170,23,2,low,2.41,low,0
3,28,4,4,3,179,51,18,38,239.409,98,0,1,0,1,0,0,89,170,31,4,low,6.783333333333334,low,1
20,28,4,6,3,260,50,11,36,239.409,98,0,1,4,1,0,0,65,168,23,3,low,3.5011666666666668,low,0
18,26,4,6,3,330,16,4,28,239.409,98,0,2,0,0,0,0,84,182,25,4,low,5.44,low,2
13,22,4,2,3,369,17,12,31,239.409,98,0,1,3,1,0,0,70,169,25,4,low,8.28,low,2
33,26,4,2,3,248,25,14,47,239.409,98,0,1,2,0,0,1,86,165,32,4,low,3.3725,low,0
18,23,4,4,3,330,16,4,28,239.409,98,0,2,0,0,0,0,84,182,25,8,low,6.75,low,2
3,28,4,4,3,179,51,18,38,239.409,98,0,1,0,1,0,0,89,170,31,8,low,6.783333333333334,low,1
36,23,4,2,3,118,13,18,50,239.409,98,0,1,1,1,0,0,98,178,31,1,low,1.655,low,1
36,13,4,4,3,118,13,18,50,239.409,98,0,1,1,1,0,0,98,178,31,120,high,84.02,high,1
26,28,4,6,3,300,26,13,43,239.409,98,0,1,2,1,1,1,77,175,25,8,low,6.136666666666667,low,0
20,28,4,6,3,260,50,11,36,239.409,98,0,1,4,1,0,0,65,168,23,4,low,3.5011666666666668,low,0
3,28,4,2,3,179,51,18,38,239.409,98,0,1,0,1,0,0,89,170,31,4,low,5.287380952380952,low,1
34,11,4,4,3,118,10,10,37,239.409,98,0,1,0,0,0,0,83,172,28,2,low,34.14,low,1
5,13,5,2,3,235,20,13,43,246.074,99,0,1,1,1,0,0,106,167,38,16,medium,14.15,medium,0
33,23,5,4,3,248,25,14,47,246.074,99,0,1,2,0,0,1,86,165,32,2,low,2.12,low,0
13,10,5,2,3,369,17,12,31,246.074,99,0,1,3,1,0,0,70,169,25,8,low,11.77,low,2
22,23,5,4,3,179,26,9,30,246.074,99,0,3,0,0,0,0,56,171,19,3,low,2.57,low,1
3,28,5,4,3,179,51,18,38,246.074,99,0,1,0,1,0,0,89,170,31,4,low,4.786833333333333,low,1
10,23,5,5,3,361,52,3,28,246.074,99,0,1,1,1,0,4,80,172,27,1,low,2.21,low,2
20,28,5,6,3,260,50,11,36,246.074,99,0,1,4,1,0,0,65,168,23,3,low,3.1395,low,0
17,11,5,2,3,179,22,17,40,246.074,99,0,2,2,0,1,0,63,170,22,2,low,5.22,low,1
17,8,5,2,3,179,22,17,40,246.074,99,0,2,2,0,1,0,63,170,22,3,low,5.1,low,1
9,18,5,4,3,228,14,16,58,246.074,99,0,1,2,0,0,1,65,172,22,8,low,44.04,low,0
28,25,5,4,3,225,26,9,28,246.074,99,0,1,1,0,0,2,69,169,24,3,low,2.96,low,0
18,13,5,6,3,330,16,4,28,246.074,99,0,2,0,0,0,0,84,182,25,8,low,6.7,low,2
22,25,5,2,3,179,26,9,30,246.074,99,0,3,0,0,0,0,56,171,19,2,low,2.3557142857142854,low,1
34,28,5,2,3,118,10,10,37,246.074,99,0,1,0,0,0,0,83,172,28,1,low,1.865,low,1
1,1,5,2,3,235,11,14,37,246.074,99,0,3,1,0,0,1,88,172,29,8,low,8.8,low,0
22,23,5,4,3,179,26,9,30,246.074,99,0,3,0,0,0,0,56,171,19,3,low,2.57,low,1
34,23,6,2,3,118,10,10,37,253.957,95,0,1,0,0,0,0,83,172,28,3,low,2.8768333333333334,low,1
3,28,6,2,3,179,51,18,38,253.957,95,0,1,0,1,0,0,89,170,31,3,low,3.527380952380953,low,1
34,28,6,3,3,118,10,10,37,253.957,95,0,1,0,0,0,0,83,172,28,2,low,3.2943333333333333,low,1
28,23,6,5,3,225,26,9,28,253.957,95,0,1,1,0,0,2,69,169,24,4,low,3.63,low,0
20,28,6,6,3,260,50,11,36,253.957,95,0,1,4,1,0,0,65,168,23,4,low,4.006666666666667,low,0
3,0,6,6,3,179,51,18,38,253.957,95,1,1,0,1,0,0,89,170,31,0,low,0.0,low,1
15,13,6,2,3,291,31,12,40,253.957,95,0,1,1,1,0,1,73,171,25,40,high,28.82,high,0
3,28,6,2,3,179,51,18,38,253.957,95,0,1,0,1,0,0,89,170,31,24,medium,3.527380952380953,low,1
24,28,6,3,3,246,25,16,41,253.957,95,0,1,0,1,0,0,67,170,23,3,low,3.0175,low,0
3,28,6,2,3,179,51,18,38,253.957,95,0,1,0,1,0,0,89,170,31,4,low,3.527380952380953,low,1
5,26,6,3,3,235,20,13,43,253.957,95,0,1,1,1,0,0,106,167,38,8,low,7.62,low,0
3,28,6,2,1,179,51,18,38,253.957,95,0,1,0,1,0,0,89,170,31,2,low,2.499166666666667,low,1
28,23,6,4,1,225,26,9,28,253.957,95,0,1,1,0,0,2,69,169,24,2,low,2.945,low,0
36,23,6,4,1,118,13,18,50,253.957,95,0,1,1,1,0,0,98,178,31,2,low,1.9566666666666668,low,1
3,5,6,4,1,179,51,18,38,253.957,95,0,1,0,1,0,0,89,170,31,8,low,7.26,low,1
22,21,6,4,1,179,26,9,30,253.957,95,0,3,0,0,0,0,56,171,19,2,low,4.74,low,1
24,28,6,6,1,246,25,16,41,253.957,95,0,1,0,1,0,0,67,170,23,2,low,3.6575,low,0
18,11,6,3,1,330,16,4,28,253.957,95,0,2,0,0,0,0,84,182,25,1,low,3.31,low,2
1,13,6,3,1,235,11,14,37,253.957,95,0,3,1,0,0,1,88,172,29,8,low,7.45,low,0
22,23,7,5,1,179,26,9,30,230.29,92,0,3,0,0,0,0,56,171,19,2,low,2.4233333333333333,low,1
28,25,7,5,1,225,26,9,28,230.29,92,0,1,1,0,0,2,69,169,24,4,low,3.66,low,0
20,13,7,6,1,260,50,11,36,230.29,92,0,1,4,1,0,0,65,168,23,8,low,15.38,low,0
21,7,7,2,1,268,11,8,33,230.29,92,0,2,0,0,0,0,79,178,25,8,low,12.55,low,0
18,25,7,6,1,330,16,4,28,230.29,92,0,2,0,0,0,0,84,182,25,8,low,8.21,low,2
34,26,7,6,1,118,10,10,37,230.29,92,0,1,0,0,0,0,83,172,28,8,low,7.29,low,1
20,26,7,2,1,260,50,11,36,230.29,92,0,1,4,1,0,0,65,168,23,4,low,4.673333333333334,low,0
34,28,7,3,1,118,10,10,37,230.29,92,0,1,0,0,0,0,83,172,28,8,low,6.84,low,1
26,15,7,2,1,300,26,13,43,230.29,92,0,1,2,1,1,1,77,175,25,8,low,37.87,low,0
2,23,7,2,1,235,29,12,48,230.29,92,0,1,1,0,1,5,88,163,33,1,low,2.17,low,0
24,28,7,3,1,246,25,16,41,230.29,92,0,1,0,1,0,0,67,170,23,2,low,2.115,low,0
28,9,7,3,1,225,26,9,28,230.29,92,0,1,1,0,0,2,69,169,24,112,high,72.69,high,0
3,28,7,3,1,179,51,18,38,230.29,92,0,1,0,1,0,0,89,170,31,1,low,2.1983333333333333,low,1
36,23,7,6,1,118,13,18,50,230.29,92,0,1,1,1,0,0,98,178,31,1,low,1.72,low,1
10,22,7,6,1,361,52,3,28,230.29,92,0,1,1,1,0,4,80,172,27,8,low,9.26,low,2
11,22,7,2,1,289,36,13,33,230.29,92,0,1,2,1,0,1,90,172,30,8,low,9.0,low,0
5,26,7,2,1,235,20,13,43,230.29,92,0,1,1,1,0,0,106,167,38,8,low,7.25,low,0
24,28,7,3,1,246,25,16,41,230.29,92,0,1,0,1,0,0,67,170,23,2,low,2.115,low,0
15,28,7,5,1,291,31,12,40,230.29,92,0,1,1,1,0,1,73,171,25,1,low,2.890833333333333,low,0
7,23,7,5,1,279,5,14,39,230.29,92,0,1,2,1,1,0,68,168,24,2,low,5.07,low,0
3,25,8,5,1,179,51,18,38,249.797,93,0,1,0,1,0,0,89,170,31,4,low,3.858333333333334,low,1
17,25,8,2,1,179,22,17,40,249.797,93,0,2,2,0,1,0,63,170,22,1,low,6.25,low,1
24,28,8,3,1,246,25,16,41,249.797,93,0,1,0,1,0,0,67,170,23,4,low,2.3289999999999997,low,0
34,28,8,3,1,118,10,10,37,249.797,93,0,1,0,0,0,0,83,172,28,4,low,4.363333333333332,low,1
11,26,8,3,1,289,36,13,33,249.797,93,0,1,2,1,0,1,90,172,30,8,low,7.373333333333332,low,0
5,26,8,3,1,235,20,13,43,249.797,93,0,1,1,1,0,0,106,167,38,8,low,7.48,low,0
15,28,8,5,1,291,31,12,40,249.797,93,0,1,1,1,0,1,73,171,25,4,low,2.939333333333333,low,0
3,25,8,2,1,179,51,18,38,249.797,93,0,1,0,1,0,0,89,170,31,4,low,4.014166666666666,low,1
17,25,8,3,1,179,22,17,40,249.797,93,0,2,2,0,1,0,63,170,22,8,low,6.42,low,1
18,23,8,5,1,330,16,4,28,249.797,93,0,2,0,0,0,0,84,182,25,16,medium,11.9,medium,2
1,23,8,3,1,235,11,14,37,249.797,93,0,3,1,0,0,1,88,172,29,4,low,3.7608333333333337,low,0
24,28,8,3,1,246,25,16,41,249.797,93,0,1,0,1,0,0,67,170,23,1,low,2.3289999999999997,low,0
34,28,8,3,1,118,10,10,37,249.797,93,0,1,0,0,0,0,83,172,28,5,low,4.363333333333332,low,1
15,28,8,5,1,291,31,12,40,249.797,93,0,1,1,1,0,1,73,171,25,2,low,2.939333333333333,low,0
20,28,8,2,1,260,50,11,36,249.797,93,0,1,4,1,0,0,65,168,23,3,low,3.7131666666666665,low,0
24,28,9,3,1,246,25,16,41,261.756,87,0,1,0,1,0,0,67,170,23,1,low,1.29,low,0
24,28,9,3,1,246,25,16,41,261.756,87,0,1,0,1,0,0,67,170,23,1,low,1.29,low,0
34,28,9,3,1,118,10,10,37,261.756,87,0,1,0,0,0,0,83,172,28,3,low,3.4483333333333337,low,1
14,23,9,3,1,155,12,14,34,261.756,87,0,1,2,1,0,0,95,196,25,2,low,2.81,low,1
15,28,9,5,1,291,31,12,40,261.756,87,0,1,1,1,0,1,73,171,25,2,low,2.335,low,0
22,23,9,6,1,179,26,9,30,261.756,87,0,3,0,0,0,0,56,171,19,8,low,6.99,low,1
33,23,9,6,1,248,25,14,47,261.756,87,0,1,2,0,0,1,86,165,32,1,low,1.3,low,0
3,23,9,2,1,179,51,18,38,261.756,87,0,1,0,1,0,0,89,170,31,4,low,3.5516666666666667,low,1
28,23,9,4,1,225,26,9,28,261.756,87,0,1,1,0,0,2,69,169,24,1,low,1.815,low,0
22,23,9,2,1,179,26,9,30,261.756,87,0,3,0,0,0,0,56,171,19,2,low,3.635,low,1
13,23,9,3,4,369,17,12,31,261.756,87,0,1,3,1,0,0,70,169,25,8,low,7.67,low,2
10,22,9,3,4,361,52,3,28,261.756,87,0,1,1,1,0,4,80,172,27,8,low,8.16,low,2
32,4,10,5,4,289,48,29,49,284.853,91,0,1,0,0,0,2,108,172,36,1,low,3.35,low,0
25,11,10,5,4,235,16,8,32,284.853,91,0,3,0,0,0,0,75,178,25,3,low,3.7,low,0
24,26,10,6,4,246,25,16,41,284.853,91,0,1,0,1,0,0,67,170,23,8,low,6.73,low,0
32,14,10,4,4,289,48,29,49,284.853,91,0,1,0,0,0,2,108,172,36,3,low,3.9,low,0
15,28,10,4,4,291,31,12,40,284.853,91,0,1,1,1,0,1,73,171,25,2,low,1.89,low,0
34,23,10,3,4,118,10,10,37,284.853,91,0,1,0,0,0,0,83,172,28,2,low,2.805,low,1
32,23,10,5,4,289,48,29,49,284.853,91,0,1,0,0,0,2,108,172,36,2,low,2.78,low,0
15,23,10,6,4,291,31,12,40,284.853,91,0,1,1,1,0,1,73,171,25,1,low,1.64,low,0
28,23,10,3,4,225,26,9,28,284.853,91,0,1,1,0,0,2,69,169,24,2,low,2.958333333333334,low,0
13,23,10,3,4,369,17,12,31,284.853,91,0,1,3,1,0,0,70,169,25,8,low,7.76,low,2
13,23,10,3,4,369,17,12,31,284.853,91,0,1,3,1,0,0,70,169,25,3,low,7.76,low,2
28,23,10,3,4,225,26,9,28,284.853,91,0,1,1,0,0,2,69,169,24,4,low,2.958333333333334,low,0
13,26,10,3,4,369,17,12,31,284.853,91,0,1,3,1,0,0,70,169,25,8,low,7.87,low,2
3,28,10,4,4,179,51,18,38,284.853,91,0,1,0,1,0,0,89,170,31,3,low,2.6341666666666668,low,1
9,1,10,4,4,228,14,16,58,284.853,91,0,1,2,0,0,1,65,172,22,1,low,64.72,low,0
15,23,10,4,4,291,31,12,40,284.853,91,0,1,1,1,0,1,73,171,25,1,low,1.31,low,0
13,10,10,5,4,369,17,12,31,284.853,91,0,1,3,1,0,0,70,169,25,8,low,11.76,low,2
28,13,10,5,4,225,26,9,28,284.853,91,0,1,1,0,0,2,69,169,24,1,low,1.86,low,0
13,10,10,6,4,369,17,12,31,284.853,91,0,1,3,1,0,0,70,169,25,8,low,12.72,low,2
28,10,10,6,4,225,26,9,28,284.853,91,0,1,1,0,0,2,69,169,24,3,low,3.25,low,0
6,23,10,2,4,189,29,13,33,284.853,91,0,1,2,0,0,2,69,167,25,8,low,6.63,low,1
25,6,10,2,4,235,16,8,32,284.853,91,0,3,0,0,0,0,75,178,25,8,low,8.05,low,0
33,10,10,2,4,248,25,14,47,284.853,91,0,1,2,0,0,1,86,165,32,8,low,7.19,low,0
28,0,10,2,4,225,26,9,28,284.853,91,1,1,1,0,0,2,69,169,24,0,low,0.0,low,0
28,13,10,3,4,225,26,9,28,284.853,91,0,1,1,0,0,2,69,169,24,3,low,3.18,low,0
3,21,11,3,4,179,51,18,38,268.519,93,0,1,0,1,0,0,89,170,31,1,low,6.22,low,1
34,28,11,4,4,118,10,10,37,268.519,93,0,1,0,0,0,0,83,172,28,3,low,2.845,low,1
18,2,11,4,4,330,16,4,28,268.519,93,0,2,0,0,0,0,84,182,25,24,medium,11.04,medium,2
3,28,11,6,4,179,51,18,38,268.519,93,0,1,0,1,0,0,89,170,31,1,low,1.5325,low,1
34,9,11,3,4,118,10,10,37,268.519,93,0,1,0,0,0,0,83,172,28,8,low,8.89,low,1
11,24,11,4,4,289,36,13,33,268.519,93,0,1,2,1,0,1,90,172,30,8,low,7.14,low,0
25,1,11,6,4,235,16,8,32,268.519,93,0,3,0,0,0,0,75,178,25,8,low,8.47,low,0
28,23,11,6,4,225,26,9,28,268.519,93,0,1,1,0,0,2,69,169,24,4,low,3.3433333333333337,low,0
10,22,11,3,4,361,52,3,28,268.519,93,0,1,1,1,0,4,80,172,27,8,low,8.54,low,2
15,28,11,4,4,291,31,12,40,268.519,93,0,1,1,1,0,1,73,171,25,2,low,1.9873333333333334,low,0
34,13,11,5,4,118,10,10,37,268.519,93,0,1,0,0,0,0,83,172,28,2,low,3.23,low,1
28,14,11,5,4,225,26,9,28,268.519,93,0,1,1,0,0,2,69,169,24,3,low,3.4,low,0
3,28,11,2,4,179,51,18,38,268.519,93,0,1,0,1,0,0,89,170,31,1,low,1.4918333333333333,low,1
34,23,11,2,4,118,10,10,37,268.519,93,0,1,0,0,0,0,83,172,28,8,low,2.6026666666666665,low,1
34,8,11,3,4,118,10,10,37,268.519,93,0,1,0,0,0,0,83,172,28,8,low,7.36,low,1
28,23,11,3,4,225,26,9,28,268.519,93,0,1,1,0,0,2,69,169,24,2,low,2.345,low,0
15,0,11,3,4,291,31,12,40,268.519,93,1,1,1,1,0,1,73,171,25,0,low,0.0,low,0
11,0,11,4,4,289,36,13,33,268.519,93,1,1,2,1,0,1,90,172,30,0,low,0.0,low,0
33,14,11,5,4,248,25,14,47,268.519,93,0,1,2,0,0,1,86,165,32,4,low,4.23,low,0
5,0,11,5,4,235,20,13,43,268.519,93,1,1,1,1,0,0,106,167,38,0,low,0.0,low,0
28,23,11,6,4,225,26,9,28,268.519,93,0,1,1,0,0,2,69,169,24,2,low,3.3433333333333337,low,0
13,26,11,6,4,369,17,12,31,268.519,93,0,1,3,1,0,0,70,169,25,8,low,8.35,low,2
10,28,11,2,4,361,52,3,28,268.519,93,0,1,1,1,0,4,80,172,27,2,low,5.265833333333334,low,2
3,13,12,3,4,179,51,18,38,280.549,98,0,1,0,1,0,0,89,170,31,32,high,24.6,high,1
15,28,12,4,4,291,31,12,40,280.549,98,0,1,1,1,0,1,73,171,25,1,low,1.46,low,0
28,23,12,4,4,225,26,9,28,280.549,98,0,1,1,0,0,2,69,169,24,3,low,2.9,low,0
22,13,12,6,4,179,26,9,30,280.549,98,0,3,0,0,0,0,56,171,19,1,low,6.16,low,1
28,23,12,6,4,225,26,9,28,280.549,98,0,1,1,0,0,2,69,169,24,3,low,3.03,low,0
28,23,12,4,4,225,26,9,28,280.549,98,0,1,1,0,0,2,69,169,24,3,low,2.9,low,0
10,14,12,5,4,361,52,3,28,280.549,98,0,1,1,1,0,4,80,172,27,4,low,6.15,low,2
17,18,12,6,4,179,22,17,40,280.549,98,0,2,2,0,1,0,63,170,22,2,low,5.3,low,1
5,26,12,6,4,235,20,13,43,280.549,98,0,1,1,1,0,0,106,167,38,8,low,7.01,low,0
12,18,12,2,4,233,51,1,31,280.549,98,0,2,1,1,0,8,68,178,21,8,low,10.01,low,0
22,13,12,3,4,179,26,9,30,280.549,98,0,3,0,0,0,0,56,171,19,16,medium,13.12,medium,1
28,23,12,3,4,225,26,9,28,280.549,98,0,1,1,0,0,2,69,169,24,2,low,2.1366666666666667,low,0
28,23,12,5,4,225,26,9,28,280.549,98,0,1,1,0,0,2,69,169,24,3,low,2.99,low,0
28,23,12,2,4,225,26,9,28,280.549,98,0,1,1,0,0,2,69,169,24,2,low,2.11,low,0
14,18,12,3,2,155,12,14,34,280.549,98,0,1,2,1,0,0,95,196,25,80,high,56.13,high,1
22,12,1,2,2,179,26,9,30,313.532,96,0,3,0,0,0,0,56,171,19,24,medium,17.62,medium,1
22,12,1,5,2,179,26,9,30,313.532,96,0,3,0,0,0,0,56,171,19,16,medium,14.36,medium,1
17,25,1,5,2,179,22,17,40,313.532,96,0,2,2,0,1,0,63,170,22,2,low,2.22,low,1
17,25,1,6,2,179,22,17,40,313.532,96,0,2,2,0,1,0,63,170,22,2,low,2.06,low,1
22,13,1,2,2,179,26,9,30,313.532,96,0,3,0,0,0,0,56,171,19,3,low,7.58,low,1
17,25,1,4,2,179,22,17,40,313.532,96,0,2,2,0,1,0,63,170,22,2,low,2.33,low,1
32,10,1,5,2,289,48,29,49,313.532,96,0,1,0,0,0,2,108,172,36,8,low,8.35,low,0
17,18,1,6,2,179,22,17,40,313.532,96,0,2,2,0,1,0,63,170,22,3,low,4.37,low,1
22,27,1,2,2,179,26,9,30,313.532,96,0,3,0,0,0,0,56,171,19,2,low,1.9292857142857145,low,1
14,18,1,3,2,155,12,14,34,313.532,96,0,1,2,1,0,0,95,196,25,8,low,13.54,low,1
22,27,1,4,2,179,26,9,30,313.532,96,0,3,0,0,0,0,56,171,19,2,low,2.0266666666666664,low,1
3,27,1,4,2,179,51,18,38,313.532,96,0,1,0,1,0,0,89,170,31,3,low,2.84,low,1
11,13,1,4,2,289,36,13,33,313.532,96,0,1,2,1,0,1,90,172,30,8,low,12.33,low,0
3,27,1,5,2,179,51,18,38,313.532,96,0,1,0,1,0,0,89,170,31,3,low,2.85,low,1
3,27,1,6,2,179,51,18,38,313.532,96,0,1,0,1,0,0,89,170,31,2,low,2.2465,low,1
3,13,2,3,2,179,51,18,38,264.249,97,0,1,0,1,0,0,89,170,31,8,low,8.86,low,1
28,23,2,3,2,225,26,9,28,264.249,97,0,1,1,0,0,2,69,169,24,3,low,1.995,low,0
33,1,2,4,2,248,25,14,47,264.249,97,0,1,2,0,0,1,86,165,32,8,low,7.97,low,0
3,27,2,4,2,179,51,18,38,264.249,97,0,1,0,1,0,0,89,170,31,2,low,2.293714285714285,low,1
28,28,2,5,2,225,26,9,28,264.249,97,0,1,1,0,0,2,69,169,24,3,low,2.82,low,0
3,27,2,5,2,179,51,18,38,264.249,97,0,1,0,1,0,0,89,170,31,2,low,2.337333333333334,low,1
22,27,2,5,2,179,26,9,30,264.249,97,0,3,0,0,0,0,56,171,19,2,low,2.0545,low,1
29,28,2,6,2,225,15,15,41,264.249,97,0,4,2,1,0,2,94,182,28,2,low,2.4233333333333333,low,0
3,27,2,6,2,179,51,18,38,264.249,97,0,1,0,1,0,0,89,170,31,2,low,2.285952380952382,low,1
12,19,2,2,2,233,51,1,31,264.249,97,0,2,1,1,0,8,68,178,21,2,low,4.92,low,0
3,27,2,2,2,179,51,18,38,264.249,97,0,1,0,1,0,0,89,170,31,2,low,2.4734523809523807,low,1
28,7,2,3,2,225,26,9,28,264.249,97,0,1,1,0,0,2,69,169,24,8,low,6.94,low,0
3,27,2,4,2,179,51,18,38,264.249,97,0,1,0,1,0,0,89,170,31,3,low,2.293714285714285,low,1
3,27,2,5,2,179,51,18,38,264.249,97,0,1,0,1,0,0,89,170,31,3,low,2.337333333333334,low,1
28,25,2,5,2,225,26,9,28,264.249,97,0,1,1,0,0,2,69,169,24,3,low,2.716666666666667,low,0
22,13,2,5,2,179,26,9,30,264.249,97,0,3,0,0,0,0,56,171,19,2,low,4.22,low,1
17,23,2,6,2,179,22,17,40,264.249,97,0,2,2,0,1,0,63,170,22,2,low,2.68,low,1
3,27,2,6,2,179,51,18,38,264.249,97,0,1,0,1,0,0,89,170,31,3,low,2.285952380952382,low,1
12,12,2,4,2,233,51,1,31,264.249,97,0,2,1,1,0,8,68,178,21,3,low,7.29,low,0
22,27,2,4,2,179,26,9,30,264.249,97,0,3,0,0,0,0,56,171,19,2,low,2.0783333333333336,low,1
3,27,2,4,2,179,51,18,38,264.249,97,0,1,0,1,0,0,89,170,31,2,low,2.293714285714285,low,1
3,13,2,5,2,179,51,18,38,264.249,97,0,1,0,1,0,0,89,170,31,8,low,7.85,low,1
3,27,2,6,2,179,51,18,38,264.249,97,0,1,0,1,0,0,89,170,31,2,low,2.285952380952382,low,1
14,25,2,2,2,155,12,14,34,264.249,97,0,1,2,1,0,0,95,196,25,5,low,5.38,low,1
25,25,2,2,2,235,16,8,32,264.249,97,0,3,0,0,0,0,75,178,25,3,low,2.71,low,0
3,27,2,2,2,179,51,18,38,264.249,97,0,1,0,1,0,0,89,170,31,2,low,2.4734523809523807,low,1
28,7,2,2,2,225,26,9,28,264.249,97,0,1,1,0,0,2,69,169,24,2,low,4.52,low,0
3,27,2,3,2,179,51,18,38,264.249,97,0,1,0,1,0,0,89,170,31,2,low,2.085785714285714,low,1
33,23,2,3,2,248,25,14,47,264.249,97,0,1,2,0,0,1,86,165,32,2,low,2.4275,low,0
28,25,2,3,2,225,26,9,28,264.249,97,0,1,1,0,0,2,69,169,24,2,low,2.18,low,0
3,27,2,4,2,179,51,18,38,264.249,97,0,1,0,1,0,0,89,170,31,2,low,2.293714285714285,low,1
3,27,2,5,2,179,51,18,38,264.249,97,0,1,0,1,0,0,89,170,31,2,low,2.337333333333334,low,1
25,25,2,6,2,235,16,8,32,264.249,97,0,3,0,0,0,0,75,178,25,2,low,2.5,low,0
3,27,3,2,2,179,51,18,38,222.196,99,0,1,0,1,0,0,89,170,31,2,low,2.5885000000000002,low,1
33,23,3,2,2,248,25,14,47,222.196,99,0,1,2,0,0,1,86,165,32,2,low,2.4775,low,0
9,25,3,3,2,228,14,16,58,222.196,99,0,1,2,0,0,1,65,172,22,3,low,9.54,low,0
33,25,3,3,2,248,25,14,47,222.196,99,0,1,2,0,0,1,86,165,32,3,low,2.9675,low,0
9,12,3,3,2,228,14,16,58,222.196,99,0,1,2,0,0,1,65,172,22,112,high,86.14,high,0
3,27,3,4,2,179,51,18,38,222.196,99,0,1,0,1,0,0,89,170,31,2,low,2.105,low,1
28,27,3,5,2,225,26,9,28,222.196,99,0,1,1,0,0,2,69,169,24,2,low,2.2416666666666667,low,0
3,27,3,5,2,179,51,18,38,222.196,99,0,1,0,1,0,0,89,170,31,3,low,2.905,low,1
28,25,3,5,2,225,26,9,28,222.196,99,0,1,1,0,0,2,69,169,24,2,low,2.27,low,0
22,27,3,6,2,179,26,9,30,222.196,99,0,3,0,0,0,0,56,171,19,3,low,2.499833333333333,low,1
25,25,3,2,2,235,16,8,32,222.196,99,0,3,0,0,0,0,75,178,25,3,low,3.0725,low,0
10,19,3,2,2,361,52,3,28,222.196,99,0,1,1,1,0,4,80,172,27,8,low,25.55,low,2
3,13,3,3,2,179,51,18,38,222.196,99,0,1,0,1,0,0,89,170,31,8,low,6.75,low,1
3,27,3,4,2,179,51,18,38,222.196,99,0,1,0,1,0,0,89,170,31,2,low,2.105,low,1
3,27,3,5,2,179,51,18,38,222.196,99,0,1,0,1,0,0,89,170,31,3,low,2.905,low,1
22,27,3,6,2,179,26,9,30,222.196,99,0,3,0,0,0,0,56,171,19,2,low,2.499833333333333,low,1
3,10,3,2,2,179,51,18,38,222.196,99,0,1,0,1,0,0,89,170,31,4,low,5.91,low,1
33,13,3,2,2,248,25,14,47,222.196,99,0,1,2,0,0,1,86,165,32,2,low,21.62,low,0
3,27,3,2,2,179,51,18,38,222.196,99,0,1,0,1,0,0,89,170,31,3,low,2.5885000000000002,low,1
28,7,3,2,2,225,26,9,28,222.196,99,0,1,1,0,0,2,69,169,24,8,low,20.29,low,0
3,27,3,3,2,179,51,18,38,222.196,99,0,1,0,1,0,0,89,170,31,2,low,2.2425,low,1
11,23,3,4,2,289,36,13,33,222.196,99,0,1,2,1,0,1,90,172,30,8,low,6.32,low,0
9,25,3,4,2,228,14,16,58,222.196,99,0,1,2,0,0,1,65,172,22,2,low,4.56,low,0
3,27,3,4,2,179,51,18,38,222.196,99,0,1,0,1,0,0,89,170,31,2,low,2.105,low,1
33,23,3,5,2,248,25,14,47,222.196,99,0,1,2,0,0,1,86,165,32,3,low,2.87,low,0
3,27,3,5,2,179,51,18,38,222.196,99,0,1,0,1,0,0,89,170,31,3,low,2.905,low,1
22,23,3,6,2,179,26,9,30,222.196,99,0,3,0,0,0,0,56,171,19,2,low,2.1766666666666667,low,1
3,27,3,6,2,179,51,18,38,222.196,99,0,1,0,1,0,0,89,170,31,3,low,2.947,low,1
3,27,3,3,3,179,51,18,38,222.196,99,0,1,0,1,0,0,89,170,31,3,low,2.894166666666666,low,1
16,23,3,4,3,118,15,24,46,222.196,99,0,1,2,1,1,0,75,175,25,8,low,6.56,low,1
14,13,3,4,3,155,12,14,34,222.196,99,0,1,2,1,0,0,95,196,25,24,medium,28.0,medium,1
3,27,3,4,3,179,51,18,38,222.196,99,0,1,0,1,0,0,89,170,31,3,low,2.84,low,1
3,27,3,5,3,179,51,18,38,222.196,99,0,1,0,1,0,0,89,170,31,3,low,3.0,low,1
22,13,3,2,3,179,26,9,30,222.196,99,0,3,0,0,0,0,56,171,19,2,low,5.73,low,1
11,19,3,2,3,289,36,13,33,222.196,99,0,1,2,1,0,1,90,172,30,104,high,72.01,high,0
13,22,3,4,3,369,17,12,31,222.196,99,0,1,3,1,0,0,70,169,25,8,low,9.82,low,2
28,13,4,2,3,225,26,9,28,246.288,91,0,1,1,0,0,2,69,169,24,8,low,6.39,low,0
34,10,4,2,3,118,10,10,37,246.288,91,0,1,0,0,0,0,83,172,28,8,low,7.43,low,1
10,19,4,3,3,361,52,3,28,246.288,91,0,1,1,1,0,4,80,172,27,8,low,10.11,low,2
33,19,4,4,3,248,25,14,47,246.288,91,0,1,2,0,0,1,86,165,32,8,low,11.456,low,0
6,13,4,5,3,189,29,13,33,246.288,91,0,1,2,0,0,2,69,167,25,8,low,7.45,low,1
22,27,4,6,3,179,26,9,30,246.288,91,0,3,0,0,0,0,56,171,19,2,low,2.04,low,1
13,7,4,2,3,369,17,12,31,246.288,91,0,1,3,1,0,0,70,169,25,24,medium,19.72,medium,2
17,16,4,3,3,179,22,17,40,246.288,91,0,2,2,0,1,0,63,170,22,2,low,4.53,low,1
36,23,4,3,3,118,13,18,50,246.288,91,0,1,1,1,0,0,98,178,31,3,low,1.558,low,1
10,23,4,3,3,361,52,3,28,246.288,91,0,1,1,1,0,4,80,172,27,2,low,2.6325,low,2
34,10,4,4,3,118,10,10,37,246.288,91,0,1,0,0,0,0,83,172,28,2,low,3.98,low,1
1,22,4,6,3,235,11,14,37,246.288,91,0,3,1,0,0,1,88,172,29,8,low,8.12,low,0
22,27,4,6,3,179,26,9,30,246.288,91,0,3,0,0,0,0,56,171,19,2,low,2.04,low,1
28,19,4,2,3,225,26,9,28,246.288,91,0,1,1,0,0,2,69,169,24,8,low,8.11,low,0
25,16,4,3,3,235,16,8,32,246.288,91,0,3,0,0,0,0,75,178,25,3,low,4.23,low,0
22,27,4,6,3,179,26,9,30,246.288,91,0,3,0,0,0,0,56,171,19,2,low,2.04,low,1
14,28,4,3,3,155,12,14,34,246.288,91,0,1,2,1,0,0,95,196,25,4,low,3.85,low,1
28,19,4,5,3,225,26,9,28,246.288,91,0,1,1,0,0,2,69,169,24,8,low,8.55,low,0
36,14,4,5,3,118,13,18,50,246.288,91,0,1,1,1,0,0,98,178,31,2,low,4.655,low,1
22,27,4,6,3,179,26,9,30,246.288,91,0,3,0,0,0,0,56,171,19,2,low,2.04,low,1
1,22,5,2,3,235,11,14,37,237.656,99,0,3,1,0,0,1,88,172,29,8,low,7.79,low,0
29,19,5,4,3,225,15,15,41,237.656,99,0,4,2,1,0,2,94,182,28,3,low,27.865,low,0
25,28,5,4,3,235,16,8,32,237.656,99,0,3,0,0,0,0,75,178,25,2,low,2.35,low,0
34,8,5,4,3,118,10,10,37,237.656,99,0,1,0,0,0,0,83,172,28,3,low,14.53,low,1
5,26,5,4,3,235,20,13,43,237.656,99,0,1,1,1,0,0,106,167,38,8,low,6.5625,low,0
22,13,5,5,3,179,26,9,30,237.656,99,0,3,0,0,0,0,56,171,19,1,low,3.84,low,1
15,28,5,5,3,291,31,12,40,237.656,99,0,1,1,1,0,1,73,171,25,2,low,2.066666666666667,low,0
29,14,5,5,3,225,15,15,41,237.656,99,0,4,2,1,0,2,94,182,28,8,low,12.15,low,0
26,19,5,6,3,300,26,13,43,237.656,99,0,1,2,1,1,1,77,175,25,64,high,45.765,high,0
29,22,5,6,3,225,15,15,41,237.656,99,0,4,2,1,0,2,94,182,28,8,low,10.12,low,0
22,27,5,6,3,179,26,9,30,237.656,99,0,3,0,0,0,0,56,171,19,2,low,2.01,low,1
36,23,5,2,3,118,13,18,50,237.656,99,0,1,1,1,0,0,98,178,31,2,low,1.72,low,1
36,5,5,3,3,118,13,18,50,237.656,99,0,1,1,1,0,0,98,178,31,3,low,26.05,low,1
34,28,5,3,3,118,10,10,37,237.656,99,0,1,0,0,0,0,83,172,28,1,low,1.86,low,1
36,0,5,3,3,118,13,18,50,237.656,99,1,1,1,1,0,0,98,178,31,0,low,8.8,low,1
22,27,5,4,3,179,26,9,30,237.656,99,0,3,0,0,0,0,56,171,19,2,low,2.04,low,1
23,0,5,4,3,378,49,11,36,237.656,99,1,1,2,0,1,4,65,174,21,0,low,2.88,low,2
17,16,5,6,3,179,22,17,40,237.656,99,0,2,2,0,1,0,63,170,22,1,low,4.36,low,1
14,10,5,2,3,155,12,14,34,237.656,99,0,1,2,1,0,0,95,196,25,48,high,44.08,high,1
25,10,5,2,3,235,16,8,32,237.656,99,0,3,0,0,0,0,75,178,25,8,low,6.62,low,0
15,22,5,4,3,291,31,12,40,237.656,99,0,1,1,1,0,1,73,171,25,8,low,8.67,low,0
17,10,5,4,3,179,22,17,40,237.656,99,0,2,2,0,1,0,63,170,22,8,low,6.98,low,1
28,6,5,4,3,225,26,9,28,237.656,99,0,1,1,0,0,2,69,169,24,3,low,9.38,low,0
18,10,5,5,3,330,16,4,28,237.656,99,0,2,0,0,0,0,84,182,25,8,low,8.32,low,2
25,23,5,5,3,235,16,8,32,237.656,99,0,3,0,0,0,0,75,178,25,2,low,2.57,low,0
15,28,5,5,3,291,31,12,40,237.656,99,0,1,1,1,0,1,73,171,25,2,low,2.066666666666667,low,0
22,27,5,6,3,179,26,9,30,237.656,99,0,3,0,0,0,0,56,171,19,2,low,2.01,low,1
10,7,5,2,3,361,52,3,28,237.656,99,0,1,1,1,0,4,80,172,27,8,low,11.11,low,2
14,23,5,4,3,155,12,14,34,237.656,99,0,1,2,1,0,0,95,196,25,2,low,2.49,low,1
17,25,5,6,3,179,22,17,40,237.656,99,0,2,2,0,1,0,63,170,22,8,low,4.096666666666667,low,1
14,10,5,6,3,155,12,14,34,237.656,99,0,1,2,1,0,0,95,196,25,8,low,18.55,low,1
28,11,5,2,3,225,26,9,28,237.656,99,0,1,1,0,0,2,69,169,24,1,low,6.22,low,0
16,7,6,4,3,118,15,24,46,275.089,96,0,1,2,1,1,0,75,175,25,8,low,11.17,low,1
22,27,6,4,3,179,26,9,30,275.089,96,0,3,0,0,0,0,56,171,19,3,low,2.75,low,1
34,26,6,6,3,118,10,10,37,275.089,96,0,1,0,0,0,0,83,172,28,8,low,6.05,low,1
34,10,6,4,3,118,10,10,37,275.089,96,0,1,0,0,0,0,83,172,28,8,low,6.515,low,1
23,22,6,5,3,378,49,11,36,275.089,96,0,1,2,0,1,4,65,174,21,8,low,7.78,low,2
36,19,6,5,3,118,13,18,50,275.089,96,0,1,1,1,0,0,98,178,31,24,medium,11.261,low,1
12,19,6,6,3,233,51,1,31,275.089,96,0,2,1,1,0,8,68,178,21,8,low,7.94,low,0
22,27,6,6,3,179,26,9,30,275.089,96,0,3,0,0,0,0,56,171,19,2,low,2.28,low,1
2,0,6,2,3,235,29,12,48,275.089,96,1,1,1,0,1,5,88,163,33,0,low,0.0,low,0
21,0,6,2,3,268,11,8,33,275.089,96,1,2,0,0,0,0,79,178,25,0,low,0.0,low,0
36,19,6,5,3,118,13,18,50,275.089,96,0,1,1,1,0,0,98,178,31,3,low,11.261,low,1
22,13,6,5,3,179,26,9,30,275.089,96,0,3,0,0,0,0,56,171,19,2,low,3.13,low,1
15,28,6,5,3,291,31,12,40,275.089,96,0,1,1,1,0,1,73,171,25,2,low,2.1166666666666667,low,0
22,13,6,2,1,179,26,9,30,275.089,96,0,3,0,0,0,0,56,171,19,3,low,4.89,low,1
34,25,6,2,1,118,10,10,37,275.089,96,0,1,0,0,0,0,83,172,28,3,low,3.0993333333333326,low,1
12,22,6,5,1,233,51,1,31,275.089,96,0,2,1,1,0,8,68,178,21,8,low,7.01,low,0
34,8,6,6,1,118,10,10,37,275.089,96,0,1,0,0,0,0,83,172,28,2,low,3.37,low,1
34,10,6,4,1,118,10,10,37,275.089,96,0,1,0,0,0,0,83,172,28,3,low,4.63,low,1
12,22,6,4,1,233,51,1,31,275.089,96,0,2,1,1,0,8,68,178,21,3,low,5.14,low,0
5,26,7,4,1,235,20,13,43,264.604,93,0,1,1,1,0,0,106,167,38,4,low,5.21,low,0
12,19,7,6,1,233,51,1,31,264.604,93,0,2,1,1,0,8,68,178,21,2,low,8.07,low,0
9,6,7,2,1,228,14,16,58,264.604,93,0,1,2,0,0,1,65,172,22,8,low,31.07,low,0
34,28,7,2,1,118,10,10,37,264.604,93,0,1,0,0,0,0,83,172,28,4,low,3.6273333333333335,low,1
9,6,7,3,1,228,14,16,58,264.604,93,0,1,2,0,0,1,65,172,22,120,high,78.17,high,0
6,22,7,3,1,189,29,13,33,264.604,93,0,1,2,0,0,2,69,167,25,16,medium,8.65,medium,1
34,23,7,4,1,118,10,10,37,264.604,93,0,1,0,0,0,0,83,172,28,2,low,2.499,low,1
10,22,7,4,1,361,52,3,28,264.604,93,0,1,1,1,0,4,80,172,27,8,low,7.99,low,2
28,22,7,4,1,225,26,9,28,264.604,93,0,1,1,0,0,2,69,169,24,8,low,8.66,low,0
13,13,7,2,1,369,17,12,31,264.604,93,0,1,3,1,0,0,70,169,25,80,high,15.54,high,2
11,14,7,3,1,289,36,13,33,264.604,93,0,1,2,1,0,1,90,172,30,8,low,9.25,low,0
1,11,7,3,1,235,11,14,37,264.604,93,0,3,1,0,0,1,88,172,29,4,low,6.9,low,0
4,0,0,3,1,118,14,13,40,271.219,95,0,1,1,1,0,8,98,170,34,0,low,0.16,low,1
8,0,0,4,2,231,35,14,39,271.219,95,0,1,2,1,0,2,100,170,35,0,low,0.16,low,0
35,0,0,6,3,179,45,14,53,271.219,95,0,1,1,0,0,1,77,175,25,0,low,0.4,low,1
